bus,conn,mode,kw_set,kvar_set,kv_set,amp_set,kvar_min,kvar_max,xd
634,Y,PQ,40.0,0,,113.14639540026536,,,
645,Y,PQ,17.0,0,,,,,
646,Y,PQ,23.0,0,,66.21817448968818,,,
652,Y,PQ,12.8,0,,37.72028054458655,,,
671,Y,PQ,115.5,0,,345.1884528163002,,,
675,Y,PQ,84.30000000000001,0,,,,,
692,Y,PQ,17.0,0,,,,,
611,Y,PQ,17.0,0,,51.0,,,
