bus,conn,mode,kw_set,kvar_set,kv_set,amp_set,kvar_min,kvar_max,xd
634,Y,PQ,120.0,0,,119.66303344548163,,,
645,Y,PQ,51.0,0,,49.37841291971651,,,
646,Y,PQ,69.0,0,,66.9188245562991,,,
652,Y,PQ,38.4,0,,39.08317387941212,,,
671,Y,PQ,346.5,0,,344.46468795347454,,,
675,Y,PQ,252.89999999999998,0,,256.40484481282033,,,
692,Y,PQ,51.0,0,,52.15097195095763,,,
611,Y,PQ,51.0,0,,52.3656973878758,,,
