bus,conn,mode,kw_set,kvar_set,kv_set,amp_set,kvar_min,kvar_max,xd
634,Y,PI,40.0,,,0.1439273672708695,,,
645,Y,PI,17.0,,,0.006852904422138913,,,
646,Y,PI,23.0,,,0.009287300625883304,,,
652,Y,PI,12.8,,,0.005424188490550047,,,
671,Y,PI,115.5,,,0.047806796676364685,,,
675,Y,PI,84.30000000000001,,,0.03558553493122837,,,
692,Y,PI,17.0,,,0.007237738419618528,,,
611,Y,PI,17.0,,,0.007267752554401267,,,
